<?xml version="1.0" encoding="UTF-8"?>
<project-private xmlns="http://www.netbeans.org/ns/project-private/1">
    <editor-bookmarks xmlns="http://www.netbeans.org/ns/editor-bookmarks/2" lastBookmarkId="0"/>
    <open-files xmlns="http://www.netbeans.org/ns/projectui-open-files/2">
        <group>
            <file>file:/C:/Users/Lenovo/Downloads/aaa/RMI/src/server/IDBHandler.java</file>
            <file>file:/C:/Users/Lenovo/Downloads/aaa/RMI/src/client/client.java</file>
            <file>file:/C:/Users/Lenovo/Downloads/aaa/RMI/src/server/handler.java</file>
            <file>file:/C:/Users/Lenovo/Downloads/aaa/RMI/src/server/server.java</file>
            <file>file:/C:/Users/Lenovo/Downloads/aaa/RMI/src/client/NewJFrame.java</file>
            <file>file:/C:/Users/Lenovo/Downloads/aaa/RMI/src/server/product.java</file>
        </group>
    </open-files>
</project-private>
